edffcec,Ajay Reddy,2024-12-25 19:53:15 +0530
f08b58b,Ajay Reddy,2024-12-24 15:22:40 +0530
f9667cc,Ajay Reddy,2024-12-24 14:08:07 +0530
f42bd46,Ajay Reddy,2024-12-23 18:14:49 +0530
7c7ecca,Ajay Reddy,2024-12-23 17:56:09 +0530
35a4a0f,Ajay Reddy,2024-12-23 09:41:05 +0530
33cfea7,Ajay Reddy,2024-12-20 14:10:22 +0530
eed7b12,Ajay Reddy,2024-12-20 10:52:20 +0530
e309605,Ajay Reddy,2024-12-19 16:57:48 +0530
7a78f81,Ajay Reddy,2024-12-19 15:20:28 +0530
686dcb7,Ajay Reddy,2024-12-18 18:54:39 +0530
00a6e4e,Ajay Reddy,2024-12-18 15:24:21 +0530
ceb8be8,Ajay Reddy,2024-12-18 10:43:02 +0530
1f1fffc,Ajay Reddy,2024-12-18 10:30:42 +0530
347f49d,Ajay Reddy,2024-12-18 09:50:32 +0530
9490561,Ajay Reddy,2024-12-18 09:50:22 +0530
63b56a0,Ajay Reddy,2024-12-18 09:41:40 +0530
3245f50,Ajay Reddy,2024-12-18 09:39:34 +0530
3b8f2da,Ajay Reddy,2024-12-11 10:03:18 +0530
dcabf37,Ajay Reddy,2024-12-05 12:50:02 +0530
e5f60dc,Ajay Reddy,2024-12-03 15:22:57 +0530
d618f79,Ajay Reddy,2024-12-03 10:27:50 +0530
7d1aa76,Ajay Reddy,2024-12-01 09:18:03 +0530
411adbf,Ajay Reddy,2024-11-29 14:14:17 +0530
ad96636,Ajay Reddy,2024-11-28 14:28:00 +0530
9bcf613,Ajay Reddy,2024-11-28 14:25:08 +0530
e44582e,Ajay Reddy,2024-11-23 10:38:12 +0530
6b6f403,Ajay Reddy,2024-11-22 23:31:22 +0530
be9b25f,Ajay Reddy,2024-11-22 23:25:49 +0530
0641541,Ajay Reddy,2024-11-21 10:58:49 +0530
8cb5248,Ajay Reddy,2024-10-17 22:17:48 +0530
a4896c0,Ajay Reddy,2024-10-17 22:17:26 +0530
13ac71e,Ajay Reddy,2024-10-17 22:17:13 +0530
3845905,Ajay Reddy,2024-10-17 22:13:03 +0530
f0901fb,Ajay Reddy,2024-10-17 22:11:57 +0530
eeeb7c3,Ajay Reddy,2024-10-17 22:05:32 +0530
0753be8,Ajay Reddy,2024-10-17 21:56:35 +0530
7267df7,Ajay Reddy,2024-10-17 21:52:56 +0530
cdddde9,Ajay Reddy,2024-10-17 21:41:58 +0530
f03fb51,Ajay Reddy,2024-10-17 21:41:49 +0530
e98228b,Ajay Reddy,2024-10-17 21:41:34 +0530
1fdfc4a,Ajay Reddy,2024-10-17 21:37:16 +0530
e453d57,Ajay Reddy,2024-10-17 21:32:09 +0530
1edad5b,Ajay Reddy,2024-10-16 22:09:24 +0530
dbc28f7,Ajay Reddy,2024-10-15 21:51:35 +0530
0bd6af6,Ajay Reddy,2024-10-15 21:26:34 +0530
1dace13,Ajay Reddy,2024-10-15 14:12:54 +0530
3fc6cde,Ajay Reddy,2024-10-15 13:09:47 +0530
5f73103,Ajay Reddy,2024-10-07 11:40:40 +0530
f3ff937,Ajay Reddy,2024-10-07 11:39:52 +0530
5ad199e,Ajay Reddy,2024-10-07 11:27:34 +0530